AvgTime,AvgMemory,AvgCaches,HitRate,Score,Moves
0.886332871081561,41409.699408284025,272.2698224852071,0.5319183862204497,14760,845
2.828829383342824,41894.06808510638,270.70212765957444,0.5257655275011364,16444,940
2.3857903017830657,45205.92452830189,283.1091644204852,0.5169098649080932,12716,742
