AvgTime,Score,Moves,AvgCaches,HitRate
0.4250381678945244,14808,841,0.0,0.0
3.170326327992057,14780,835,0.0,0.0
0.9096314390724887,7772,531,0.0,0.0
1.0411132835884338,7256,469,0.0,0.0
3.3912927018159538,16564,946,0.0,0.0
0.9346310388521444,7308,481,0.0,0.0
0.9203231238915602,7140,473,0.0,0.0
0.2768337232197902,7608,516,0.0,0.0
0.4159330581192705,16472,953,0.0,0.0
0.2879431919047707,12840,760,0.0,0.0
